{
  "ABIRoot": {
    "kind": "Root",
    "name": "TopLevel",
    "printedName": "TopLevel",
    "children": [
      {
        "kind": "Import",
        "name": "Foundation",
        "printedName": "Foundation",
        "declKind": "Import",
        "moduleName": "ReactNativeDailyJSScreenShareExtension"
      },
      {
        "kind": "Import",
        "name": "ReplayKit",
        "printedName": "ReplayKit",
        "declKind": "Import",
        "moduleName": "ReactNativeDailyJSScreenShareExtension"
      },
      {
        "kind": "Import",
        "name": "Dispatch",
        "printedName": "Dispatch",
        "declKind": "Import",
        "moduleName": "ReactNativeDailyJSScreenShareExtension"
      },
      {
        "kind": "Import",
        "name": "ReplayKit",
        "printedName": "ReplayKit",
        "declKind": "Import",
        "moduleName": "ReactNativeDailyJSScreenShareExtension"
      },
      {
        "kind": "Import",
        "name": "Foundation",
        "printedName": "Foundation",
        "declKind": "Import",
        "moduleName": "ReactNativeDailyJSScreenShareExtension"
      },
      {
        "kind": "TypeDecl",
        "name": "DailyRPHandler",
        "printedName": "DailyRPHandler",
        "children": [
          {
            "kind": "Constructor",
            "name": "init",
            "printedName": "init()",
            "children": [
              {
                "kind": "TypeNominal",
                "name": "DailyRPHandler",
                "printedName": "ReactNativeDailyJSScreenShareExtension.DailyRPHandler",
                "usr": "c:@M@ReactNativeDailyJSScreenShareExtension@objc(cs)DailyRPHandler"
              }
            ],
            "declKind": "Constructor",
            "usr": "c:@M@ReactNativeDailyJSScreenShareExtension@objc(cs)DailyRPHandler(im)init",
            "mangledName": "$s38ReactNativeDailyJSScreenShareExtension0C9RPHandlerCACycfc",
            "moduleName": "ReactNativeDailyJSScreenShareExtension",
            "overriding": true,
            "objc_name": "init",
            "declAttributes": [
              "Dynamic",
              "ObjC",
              "Override",
              "AccessControl"
            ],
            "init_kind": "Designated"
          },
          {
            "kind": "Constructor",
            "name": "init",
            "printedName": "init(appGroupIdentifier:)",
            "children": [
              {
                "kind": "TypeNominal",
                "name": "DailyRPHandler",
                "printedName": "ReactNativeDailyJSScreenShareExtension.DailyRPHandler",
                "usr": "c:@M@ReactNativeDailyJSScreenShareExtension@objc(cs)DailyRPHandler"
              },
              {
                "kind": "TypeNominal",
                "name": "String",
                "printedName": "Swift.String",
                "usr": "s:SS"
              }
            ],
            "declKind": "Constructor",
            "usr": "s:38ReactNativeDailyJSScreenShareExtension0C9RPHandlerC18appGroupIdentifierACSS_tcfc",
            "mangledName": "$s38ReactNativeDailyJSScreenShareExtension0C9RPHandlerC18appGroupIdentifierACSS_tcfc",
            "moduleName": "ReactNativeDailyJSScreenShareExtension",
            "declAttributes": [
              "AccessControl"
            ],
            "init_kind": "Designated"
          },
          {
            "kind": "Function",
            "name": "broadcastStarted",
            "printedName": "broadcastStarted(withSetupInfo:)",
            "children": [
              {
                "kind": "TypeNominal",
                "name": "Void",
                "printedName": "()"
              },
              {
                "kind": "TypeNominal",
                "name": "Optional",
                "printedName": "[Swift.String : ObjectiveC.NSObject]?",
                "children": [
                  {
                    "kind": "TypeNominal",
                    "name": "Dictionary",
                    "printedName": "[Swift.String : ObjectiveC.NSObject]",
                    "children": [
                      {
                        "kind": "TypeNominal",
                        "name": "String",
                        "printedName": "Swift.String",
                        "usr": "s:SS"
                      },
                      {
                        "kind": "TypeNominal",
                        "name": "NSObject",
                        "printedName": "ObjectiveC.NSObject",
                        "usr": "c:objc(cs)NSObject"
                      }
                    ],
                    "usr": "s:SD"
                  }
                ],
                "usr": "s:Sq"
              }
            ],
            "declKind": "Func",
            "usr": "c:@M@ReactNativeDailyJSScreenShareExtension@objc(cs)DailyRPHandler(im)broadcastStartedWithSetupInfo:",
            "mangledName": "$s38ReactNativeDailyJSScreenShareExtension0C9RPHandlerC16broadcastStarted13withSetupInfoySDySSSo8NSObjectCGSg_tF",
            "moduleName": "ReactNativeDailyJSScreenShareExtension",
            "overriding": true,
            "objc_name": "broadcastStartedWithSetupInfo:",
            "declAttributes": [
              "Dynamic",
              "ObjC",
              "Override",
              "AccessControl"
            ],
            "funcSelfKind": "NonMutating"
          },
          {
            "kind": "Function",
            "name": "broadcastFinished",
            "printedName": "broadcastFinished()",
            "children": [
              {
                "kind": "TypeNominal",
                "name": "Void",
                "printedName": "()"
              }
            ],
            "declKind": "Func",
            "usr": "c:@M@ReactNativeDailyJSScreenShareExtension@objc(cs)DailyRPHandler(im)broadcastFinished",
            "mangledName": "$s38ReactNativeDailyJSScreenShareExtension0C9RPHandlerC17broadcastFinishedyyF",
            "moduleName": "ReactNativeDailyJSScreenShareExtension",
            "overriding": true,
            "objc_name": "broadcastFinished",
            "declAttributes": [
              "Dynamic",
              "ObjC",
              "Override",
              "AccessControl"
            ],
            "funcSelfKind": "NonMutating"
          },
          {
            "kind": "Function",
            "name": "processSampleBuffer",
            "printedName": "processSampleBuffer(_:with:)",
            "children": [
              {
                "kind": "TypeNominal",
                "name": "Void",
                "printedName": "()"
              },
              {
                "kind": "TypeNominal",
                "name": "CMSampleBuffer",
                "printedName": "CoreMedia.CMSampleBuffer",
                "usr": "c:@T@CMSampleBufferRef"
              },
              {
                "kind": "TypeNominal",
                "name": "RPSampleBufferType",
                "printedName": "ReplayKit.RPSampleBufferType",
                "usr": "c:@E@RPSampleBufferType"
              }
            ],
            "declKind": "Func",
            "usr": "c:@M@ReactNativeDailyJSScreenShareExtension@objc(cs)DailyRPHandler(im)processSampleBuffer:withType:",
            "mangledName": "$s38ReactNativeDailyJSScreenShareExtension0C9RPHandlerC19processSampleBuffer_4withySo08CMSampleJ3Refa_So08RPSampleJ4TypeVtF",
            "moduleName": "ReactNativeDailyJSScreenShareExtension",
            "overriding": true,
            "objc_name": "processSampleBuffer:withType:",
            "declAttributes": [
              "Dynamic",
              "ObjC",
              "Override",
              "AccessControl"
            ],
            "funcSelfKind": "NonMutating"
          }
        ],
        "declKind": "Class",
        "usr": "c:@M@ReactNativeDailyJSScreenShareExtension@objc(cs)DailyRPHandler",
        "mangledName": "$s38ReactNativeDailyJSScreenShareExtension0C9RPHandlerC",
        "moduleName": "ReactNativeDailyJSScreenShareExtension",
        "isOpen": true,
        "declAttributes": [
          "AccessControl",
          "ObjC"
        ],
        "superclassUsr": "c:objc(cs)RPBroadcastSampleHandler",
        "inheritsConvenienceInitializers": true,
        "superclassNames": [
          "ReplayKit.RPBroadcastSampleHandler",
          "ReplayKit.RPBroadcastHandler",
          "ObjectiveC.NSObject"
        ],
        "conformances": [
          {
            "kind": "Conformance",
            "name": "Equatable",
            "printedName": "Equatable",
            "usr": "s:SQ",
            "mangledName": "$sSQ"
          },
          {
            "kind": "Conformance",
            "name": "Hashable",
            "printedName": "Hashable",
            "usr": "s:SH",
            "mangledName": "$sSH"
          },
          {
            "kind": "Conformance",
            "name": "CVarArg",
            "printedName": "CVarArg",
            "usr": "s:s7CVarArgP",
            "mangledName": "$ss7CVarArgP"
          },
          {
            "kind": "Conformance",
            "name": "_KeyValueCodingAndObservingPublishing",
            "printedName": "_KeyValueCodingAndObservingPublishing",
            "usr": "s:10Foundation37_KeyValueCodingAndObservingPublishingP",
            "mangledName": "$s10Foundation37_KeyValueCodingAndObservingPublishingP"
          },
          {
            "kind": "Conformance",
            "name": "_KeyValueCodingAndObserving",
            "printedName": "_KeyValueCodingAndObserving",
            "usr": "s:10Foundation27_KeyValueCodingAndObservingP",
            "mangledName": "$s10Foundation27_KeyValueCodingAndObservingP"
          },
          {
            "kind": "Conformance",
            "name": "CustomStringConvertible",
            "printedName": "CustomStringConvertible",
            "usr": "s:s23CustomStringConvertibleP",
            "mangledName": "$ss23CustomStringConvertibleP"
          },
          {
            "kind": "Conformance",
            "name": "CustomDebugStringConvertible",
            "printedName": "CustomDebugStringConvertible",
            "usr": "s:s28CustomDebugStringConvertibleP",
            "mangledName": "$ss28CustomDebugStringConvertibleP"
          }
        ]
      },
      {
        "kind": "Import",
        "name": "Foundation",
        "printedName": "Foundation",
        "declKind": "Import",
        "moduleName": "ReactNativeDailyJSScreenShareExtension"
      }
    ],
    "json_format_version": 8
  },
  "ConstValues": [
    {
      "filePath": "\/Users\/filipifuchter\/workspaces\/workspaceDaily\/rn-screen-share-extension\/ReactNativeDailyJSScreenShareExtension\/JpegUploader.swift",
      "kind": "IntegerLiteral",
      "offset": 1085,
      "length": 2,
      "value": "10"
    },
    {
      "filePath": "\/Users\/filipifuchter\/workspaces\/workspaceDaily\/rn-screen-share-extension\/ReactNativeDailyJSScreenShareExtension\/JpegUploader.swift",
      "kind": "IntegerLiteral",
      "offset": 1090,
      "length": 4,
      "value": "1024"
    },
    {
      "filePath": "\/Users\/filipifuchter\/workspaces\/workspaceDaily\/rn-screen-share-extension\/ReactNativeDailyJSScreenShareExtension\/JpegUploader.swift",
      "kind": "BooleanLiteral",
      "offset": 1240,
      "length": 5,
      "value": "false"
    },
    {
      "filePath": "\/Users\/filipifuchter\/workspaces\/workspaceDaily\/rn-screen-share-extension\/ReactNativeDailyJSScreenShareExtension\/JpegUploader.swift",
      "kind": "IntegerLiteral",
      "offset": 1354,
      "length": 1,
      "value": "0"
    },
    {
      "filePath": "\/Users\/filipifuchter\/workspaces\/workspaceDaily\/rn-screen-share-extension\/ReactNativeDailyJSScreenShareExtension\/JpegUploader.swift",
      "kind": "StringLiteral",
      "offset": 1423,
      "length": 23,
      "value": "\"co.daily.JpegUploader\""
    },
    {
      "filePath": "\/Users\/filipifuchter\/workspaces\/workspaceDaily\/rn-screen-share-extension\/ReactNativeDailyJSScreenShareExtension\/JpegUploader.swift",
      "kind": "BooleanLiteral",
      "offset": 1725,
      "length": 5,
      "value": "false"
    },
    {
      "filePath": "\/Users\/filipifuchter\/workspaces\/workspaceDaily\/rn-screen-share-extension\/ReactNativeDailyJSScreenShareExtension\/JpegUploader.swift",
      "kind": "IntegerLiteral",
      "offset": 1805,
      "length": 1,
      "value": "0"
    },
    {
      "filePath": "\/Users\/filipifuchter\/workspaces\/workspaceDaily\/rn-screen-share-extension\/ReactNativeDailyJSScreenShareExtension\/JpegUploader.swift",
      "kind": "BooleanLiteral",
      "offset": 2048,
      "length": 4,
      "value": "true"
    },
    {
      "filePath": "\/Users\/filipifuchter\/workspaces\/workspaceDaily\/rn-screen-share-extension\/ReactNativeDailyJSScreenShareExtension\/JpegUploader.swift",
      "kind": "BooleanLiteral",
      "offset": 2474,
      "length": 5,
      "value": "false"
    },
    {
      "filePath": "\/Users\/filipifuchter\/workspaces\/workspaceDaily\/rn-screen-share-extension\/ReactNativeDailyJSScreenShareExtension\/JpegUploader.swift",
      "kind": "IntegerLiteral",
      "offset": 2820,
      "length": 1,
      "value": "0"
    },
    {
      "filePath": "\/Users\/filipifuchter\/workspaces\/workspaceDaily\/rn-screen-share-extension\/ReactNativeDailyJSScreenShareExtension\/JpegUploader.swift",
      "kind": "IntegerLiteral",
      "offset": 2944,
      "length": 1,
      "value": "0"
    },
    {
      "filePath": "\/Users\/filipifuchter\/workspaces\/workspaceDaily\/rn-screen-share-extension\/ReactNativeDailyJSScreenShareExtension\/JpegUploader.swift",
      "kind": "IntegerLiteral",
      "offset": 3041,
      "length": 1,
      "value": "0"
    },
    {
      "filePath": "\/Users\/filipifuchter\/workspaces\/workspaceDaily\/rn-screen-share-extension\/ReactNativeDailyJSScreenShareExtension\/JpegUploader.swift",
      "kind": "IntegerLiteral",
      "offset": 3111,
      "length": 1,
      "value": "0"
    },
    {
      "filePath": "\/Users\/filipifuchter\/workspaces\/workspaceDaily\/rn-screen-share-extension\/ReactNativeDailyJSScreenShareExtension\/JpegUploader.swift",
      "kind": "StringLiteral",
      "offset": 3162,
      "length": 29,
      "value": "\"writeBufferToStream failure\""
    },
    {
      "filePath": "\/Users\/filipifuchter\/workspaces\/workspaceDaily\/rn-screen-share-extension\/ReactNativeDailyJSScreenShareExtension\/JpegUploader.swift",
      "kind": "BooleanLiteral",
      "offset": 3219,
      "length": 4,
      "value": "true"
    },
    {
      "filePath": "\/Users\/filipifuchter\/workspaces\/workspaceDaily\/rn-screen-share-extension\/ReactNativeDailyJSScreenShareExtension\/JpegUploader.swift",
      "kind": "StringLiteral",
      "offset": 3392,
      "length": 28,
      "value": "\"image buffer not available\""
    },
    {
      "filePath": "\/Users\/filipifuchter\/workspaces\/workspaceDaily\/rn-screen-share-extension\/ReactNativeDailyJSScreenShareExtension\/JpegUploader.swift",
      "kind": "FloatLiteral",
      "offset": 3650,
      "length": 3,
      "value": "2.0"
    },
    {
      "filePath": "\/Users\/filipifuchter\/workspaces\/workspaceDaily\/rn-screen-share-extension\/ReactNativeDailyJSScreenShareExtension\/JpegUploader.swift",
      "kind": "IntegerLiteral",
      "offset": 3934,
      "length": 1,
      "value": "0"
    },
    {
      "filePath": "\/Users\/filipifuchter\/workspaces\/workspaceDaily\/rn-screen-share-extension\/ReactNativeDailyJSScreenShareExtension\/JpegUploader.swift",
      "kind": "FloatLiteral",
      "offset": 4000,
      "length": 3,
      "value": "1.0"
    },
    {
      "filePath": "\/Users\/filipifuchter\/workspaces\/workspaceDaily\/rn-screen-share-extension\/ReactNativeDailyJSScreenShareExtension\/JpegUploader.swift",
      "kind": "FloatLiteral",
      "offset": 4029,
      "length": 3,
      "value": "1.0"
    },
    {
      "filePath": "\/Users\/filipifuchter\/workspaces\/workspaceDaily\/rn-screen-share-extension\/ReactNativeDailyJSScreenShareExtension\/JpegUploader.swift",
      "kind": "StringLiteral",
      "offset": 4261,
      "length": 24,
      "value": "\"corrupted image buffer\""
    },
    {
      "filePath": "\/Users\/filipifuchter\/workspaces\/workspaceDaily\/rn-screen-share-extension\/ReactNativeDailyJSScreenShareExtension\/JpegUploader.swift",
      "kind": "IntegerLiteral",
      "offset": 4381,
      "length": 3,
      "value": "200"
    },
    {
      "filePath": "\/Users\/filipifuchter\/workspaces\/workspaceDaily\/rn-screen-share-extension\/ReactNativeDailyJSScreenShareExtension\/JpegUploader.swift",
      "kind": "StringLiteral",
      "offset": 4485,
      "length": 16,
      "value": "\"Content-Length\""
    },
    {
      "filePath": "\/Users\/filipifuchter\/workspaces\/workspaceDaily\/rn-screen-share-extension\/ReactNativeDailyJSScreenShareExtension\/JpegUploader.swift",
      "kind": "StringLiteral",
      "offset": 4609,
      "length": 14,
      "value": "\"Buffer-Width\""
    },
    {
      "filePath": "\/Users\/filipifuchter\/workspaces\/workspaceDaily\/rn-screen-share-extension\/ReactNativeDailyJSScreenShareExtension\/JpegUploader.swift",
      "kind": "StringLiteral",
      "offset": 4719,
      "length": 15,
      "value": "\"Buffer-Height\""
    },
    {
      "filePath": "\/Users\/filipifuchter\/workspaces\/workspaceDaily\/rn-screen-share-extension\/ReactNativeDailyJSScreenShareExtension\/JpegUploader.swift",
      "kind": "StringLiteral",
      "offset": 4831,
      "length": 20,
      "value": "\"Buffer-Orientation\""
    },
    {
      "filePath": "\/Users\/filipifuchter\/workspaces\/workspaceDaily\/rn-screen-share-extension\/ReactNativeDailyJSScreenShareExtension\/JpegUploader.swift",
      "kind": "FloatLiteral",
      "offset": 5533,
      "length": 3,
      "value": "1.0"
    },
    {
      "filePath": "\/Users\/filipifuchter\/workspaces\/workspaceDaily\/rn-screen-share-extension\/ReactNativeDailyJSScreenShareExtension\/DailyRPHandler.swift",
      "kind": "StringLiteral",
      "offset": 249,
      "length": 39,
      "value": "\"ScreenCaptureStoppedBySystemUIOrError\""
    },
    {
      "filePath": "\/Users\/filipifuchter\/workspaces\/workspaceDaily\/rn-screen-share-extension\/ReactNativeDailyJSScreenShareExtension\/DailyRPHandler.swift",
      "kind": "StringLiteral",
      "offset": 330,
      "length": 31,
      "value": "\"ScreenCaptureExtensionStarted\""
    },
    {
      "filePath": "\/Users\/filipifuchter\/workspaces\/workspaceDaily\/rn-screen-share-extension\/ReactNativeDailyJSScreenShareExtension\/DailyRPHandler.swift",
      "kind": "StringLiteral",
      "offset": 249,
      "length": 39,
      "value": "\"ScreenCaptureStoppedBySystemUIOrError\""
    },
    {
      "filePath": "\/Users\/filipifuchter\/workspaces\/workspaceDaily\/rn-screen-share-extension\/ReactNativeDailyJSScreenShareExtension\/DailyRPHandler.swift",
      "kind": "StringLiteral",
      "offset": 330,
      "length": 31,
      "value": "\"ScreenCaptureExtensionStarted\""
    },
    {
      "filePath": "\/Users\/filipifuchter\/workspaces\/workspaceDaily\/rn-screen-share-extension\/ReactNativeDailyJSScreenShareExtension\/DailyRPHandler.swift",
      "kind": "IntegerLiteral",
      "offset": 728,
      "length": 1,
      "value": "0"
    },
    {
      "filePath": "\/Users\/filipifuchter\/workspaces\/workspaceDaily\/rn-screen-share-extension\/ReactNativeDailyJSScreenShareExtension\/DailyRPHandler.swift",
      "kind": "StringLiteral",
      "offset": 927,
      "length": 48,
      "value": "\"init(appGroupIdentifier:) has not been invoked\""
    },
    {
      "filePath": "\/Users\/filipifuchter\/workspaces\/workspaceDaily\/rn-screen-share-extension\/ReactNativeDailyJSScreenShareExtension\/DailyRPHandler.swift",
      "kind": "StringLiteral",
      "offset": 1405,
      "length": 10,
      "value": "\"rtc_SSFD\""
    },
    {
      "filePath": "\/Users\/filipifuchter\/workspaces\/workspaceDaily\/rn-screen-share-extension\/ReactNativeDailyJSScreenShareExtension\/DailyRPHandler.swift",
      "kind": "StringLiteral",
      "offset": 1425,
      "length": 2,
      "value": "\"\""
    },
    {
      "filePath": "\/Users\/filipifuchter\/workspaces\/workspaceDaily\/rn-screen-share-extension\/ReactNativeDailyJSScreenShareExtension\/DailyRPHandler.swift",
      "kind": "StringLiteral",
      "offset": 1532,
      "length": 41,
      "value": "\"Failed to initialize socket connection.\""
    },
    {
      "filePath": "\/Users\/filipifuchter\/workspaces\/workspaceDaily\/rn-screen-share-extension\/ReactNativeDailyJSScreenShareExtension\/DailyRPHandler.swift",
      "kind": "StringLiteral",
      "offset": 1984,
      "length": 45,
      "value": "\"Received NOTIFICATION MustStopScreenCapture\""
    },
    {
      "filePath": "\/Users\/filipifuchter\/workspaces\/workspaceDaily\/rn-screen-share-extension\/ReactNativeDailyJSScreenShareExtension\/DailyRPHandler.swift",
      "kind": "StringLiteral",
      "offset": 2120,
      "length": 23,
      "value": "\"MustStopScreenCapture\""
    },
    {
      "filePath": "\/Users\/filipifuchter\/workspaces\/workspaceDaily\/rn-screen-share-extension\/ReactNativeDailyJSScreenShareExtension\/DailyRPHandler.swift",
      "kind": "IntegerLiteral",
      "offset": 2978,
      "length": 1,
      "value": "0"
    },
    {
      "filePath": "\/Users\/filipifuchter\/workspaces\/workspaceDaily\/rn-screen-share-extension\/ReactNativeDailyJSScreenShareExtension\/DailyRPHandler.swift",
      "kind": "IntegerLiteral",
      "offset": 3775,
      "length": 1,
      "value": "1"
    },
    {
      "filePath": "\/Users\/filipifuchter\/workspaces\/workspaceDaily\/rn-screen-share-extension\/ReactNativeDailyJSScreenShareExtension\/DailyRPHandler.swift",
      "kind": "IntegerLiteral",
      "offset": 3805,
      "length": 1,
      "value": "3"
    },
    {
      "filePath": "\/Users\/filipifuchter\/workspaces\/workspaceDaily\/rn-screen-share-extension\/ReactNativeDailyJSScreenShareExtension\/DailyRPHandler.swift",
      "kind": "IntegerLiteral",
      "offset": 3810,
      "length": 1,
      "value": "0"
    },
    {
      "filePath": "\/Users\/filipifuchter\/workspaces\/workspaceDaily\/rn-screen-share-extension\/ReactNativeDailyJSScreenShareExtension\/DailyRPHandler.swift",
      "kind": "BooleanLiteral",
      "offset": 4147,
      "length": 4,
      "value": "true"
    },
    {
      "filePath": "\/Users\/filipifuchter\/workspaces\/workspaceDaily\/rn-screen-share-extension\/ReactNativeDailyJSScreenShareExtension\/DailyRPHandler.swift",
      "kind": "StringLiteral",
      "offset": 4278,
      "length": 47,
      "value": "\"[pk] [SampleHandler] client connection closed\""
    },
    {
      "filePath": "\/Users\/filipifuchter\/workspaces\/workspaceDaily\/rn-screen-share-extension\/ReactNativeDailyJSScreenShareExtension\/DailyRPHandler.swift",
      "kind": "StringLiteral",
      "offset": 4594,
      "length": 24,
      "value": "\"broadcast.connectTimer\""
    },
    {
      "filePath": "\/Users\/filipifuchter\/workspaces\/workspaceDaily\/rn-screen-share-extension\/ReactNativeDailyJSScreenShareExtension\/DailyRPHandler.swift",
      "kind": "IntegerLiteral",
      "offset": 4751,
      "length": 3,
      "value": "100"
    },
    {
      "filePath": "\/Users\/filipifuchter\/workspaces\/workspaceDaily\/rn-screen-share-extension\/ReactNativeDailyJSScreenShareExtension\/DailyRPHandler.swift",
      "kind": "IntegerLiteral",
      "offset": 4779,
      "length": 3,
      "value": "500"
    },
    {
      "filePath": "\/Users\/filipifuchter\/workspaces\/workspaceDaily\/rn-screen-share-extension\/ReactNativeDailyJSScreenShareExtension\/DailyRPHandler.swift",
      "kind": "BooleanLiteral",
      "offset": 4883,
      "length": 4,
      "value": "true"
    },
    {
      "filePath": "\/Users\/filipifuchter\/workspaces\/workspaceDaily\/rn-screen-share-extension\/ReactNativeDailyJSScreenShareExtension\/SocketConnection.swift",
      "kind": "BooleanLiteral",
      "offset": 1630,
      "length": 5,
      "value": "false"
    },
    {
      "filePath": "\/Users\/filipifuchter\/workspaces\/workspaceDaily\/rn-screen-share-extension\/ReactNativeDailyJSScreenShareExtension\/SocketConnection.swift",
      "kind": "IntegerLiteral",
      "offset": 1875,
      "length": 1,
      "value": "0"
    },
    {
      "filePath": "\/Users\/filipifuchter\/workspaces\/workspaceDaily\/rn-screen-share-extension\/ReactNativeDailyJSScreenShareExtension\/SocketConnection.swift",
      "kind": "IntegerLiteral",
      "offset": 1917,
      "length": 2,
      "value": "-1"
    },
    {
      "filePath": "\/Users\/filipifuchter\/workspaces\/workspaceDaily\/rn-screen-share-extension\/ReactNativeDailyJSScreenShareExtension\/SocketConnection.swift",
      "kind": "StringLiteral",
      "offset": 1945,
      "length": 30,
      "value": "\"failure to create the socket\""
    },
    {
      "filePath": "\/Users\/filipifuchter\/workspaces\/workspaceDaily\/rn-screen-share-extension\/ReactNativeDailyJSScreenShareExtension\/SocketConnection.swift",
      "kind": "StringLiteral",
      "offset": 2057,
      "length": 24,
      "value": "\"open socket connection\""
    },
    {
      "filePath": "\/Users\/filipifuchter\/workspaces\/workspaceDaily\/rn-screen-share-extension\/ReactNativeDailyJSScreenShareExtension\/SocketConnection.swift",
      "kind": "StringLiteral",
      "offset": 2171,
      "length": 33,
      "value": "\"failure: socket file is missing\""
    },
    {
      "filePath": "\/Users\/filipifuchter\/workspaces\/workspaceDaily\/rn-screen-share-extension\/ReactNativeDailyJSScreenShareExtension\/SocketConnection.swift",
      "kind": "BooleanLiteral",
      "offset": 2225,
      "length": 5,
      "value": "false"
    },
    {
      "filePath": "\/Users\/filipifuchter\/workspaces\/workspaceDaily\/rn-screen-share-extension\/ReactNativeDailyJSScreenShareExtension\/SocketConnection.swift",
      "kind": "BooleanLiteral",
      "offset": 2274,
      "length": 4,
      "value": "true"
    },
    {
      "filePath": "\/Users\/filipifuchter\/workspaces\/workspaceDaily\/rn-screen-share-extension\/ReactNativeDailyJSScreenShareExtension\/SocketConnection.swift",
      "kind": "BooleanLiteral",
      "offset": 2305,
      "length": 5,
      "value": "false"
    },
    {
      "filePath": "\/Users\/filipifuchter\/workspaces\/workspaceDaily\/rn-screen-share-extension\/ReactNativeDailyJSScreenShareExtension\/SocketConnection.swift",
      "kind": "BooleanLiteral",
      "offset": 2416,
      "length": 4,
      "value": "true"
    },
    {
      "filePath": "\/Users\/filipifuchter\/workspaces\/workspaceDaily\/rn-screen-share-extension\/ReactNativeDailyJSScreenShareExtension\/SocketConnection.swift",
      "kind": "IntegerLiteral",
      "offset": 2813,
      "length": 1,
      "value": "0"
    },
    {
      "filePath": "\/Users\/filipifuchter\/workspaces\/workspaceDaily\/rn-screen-share-extension\/ReactNativeDailyJSScreenShareExtension\/SocketConnection.swift",
      "kind": "StringLiteral",
      "offset": 3212,
      "length": 60,
      "value": "\"failure: fd path is too long (max: \""
    },
    {
      "filePath": "\/Users\/filipifuchter\/workspaces\/workspaceDaily\/rn-screen-share-extension\/ReactNativeDailyJSScreenShareExtension\/SocketConnection.swift",
      "kind": "StringLiteral",
      "offset": 3264,
      "length": 5,
      "value": "\" bytes)\""
    },
    {
      "filePath": "\/Users\/filipifuchter\/workspaces\/workspaceDaily\/rn-screen-share-extension\/ReactNativeDailyJSScreenShareExtension\/SocketConnection.swift",
      "kind": "BooleanLiteral",
      "offset": 3297,
      "length": 5,
      "value": "false"
    },
    {
      "filePath": "\/Users\/filipifuchter\/workspaces\/workspaceDaily\/rn-screen-share-extension\/ReactNativeDailyJSScreenShareExtension\/SocketConnection.swift",
      "kind": "BooleanLiteral",
      "offset": 3662,
      "length": 4,
      "value": "true"
    },
    {
      "filePath": "\/Users\/filipifuchter\/workspaces\/workspaceDaily\/rn-screen-share-extension\/ReactNativeDailyJSScreenShareExtension\/SocketConnection.swift",
      "kind": "BooleanLiteral",
      "offset": 3730,
      "length": 5,
      "value": "false"
    },
    {
      "filePath": "\/Users\/filipifuchter\/workspaces\/workspaceDaily\/rn-screen-share-extension\/ReactNativeDailyJSScreenShareExtension\/SocketConnection.swift",
      "kind": "IntegerLiteral",
      "offset": 3835,
      "length": 1,
      "value": "1"
    },
    {
      "filePath": "\/Users\/filipifuchter\/workspaces\/workspaceDaily\/rn-screen-share-extension\/ReactNativeDailyJSScreenShareExtension\/SocketConnection.swift",
      "kind": "StringLiteral",
      "offset": 4018,
      "length": 20,
      "value": "\"failure: \""
    },
    {
      "filePath": "\/Users\/filipifuchter\/workspaces\/workspaceDaily\/rn-screen-share-extension\/ReactNativeDailyJSScreenShareExtension\/SocketConnection.swift",
      "kind": "StringLiteral",
      "offset": 4037,
      "length": 2,
      "value": "\"\""
    },
    {
      "filePath": "\/Users\/filipifuchter\/workspaces\/workspaceDaily\/rn-screen-share-extension\/ReactNativeDailyJSScreenShareExtension\/SocketConnection.swift",
      "kind": "BooleanLiteral",
      "offset": 4059,
      "length": 5,
      "value": "false"
    },
    {
      "filePath": "\/Users\/filipifuchter\/workspaces\/workspaceDaily\/rn-screen-share-extension\/ReactNativeDailyJSScreenShareExtension\/SocketConnection.swift",
      "kind": "BooleanLiteral",
      "offset": 4091,
      "length": 4,
      "value": "true"
    },
    {
      "filePath": "\/Users\/filipifuchter\/workspaces\/workspaceDaily\/rn-screen-share-extension\/ReactNativeDailyJSScreenShareExtension\/SocketConnection.swift",
      "kind": "BooleanLiteral",
      "offset": 4935,
      "length": 4,
      "value": "true"
    },
    {
      "filePath": "\/Users\/filipifuchter\/workspaces\/workspaceDaily\/rn-screen-share-extension\/ReactNativeDailyJSScreenShareExtension\/SocketConnection.swift",
      "kind": "BooleanLiteral",
      "offset": 5208,
      "length": 5,
      "value": "false"
    },
    {
      "filePath": "\/Users\/filipifuchter\/workspaces\/workspaceDaily\/rn-screen-share-extension\/ReactNativeDailyJSScreenShareExtension\/SocketConnection.swift",
      "kind": "BooleanLiteral",
      "offset": 5674,
      "length": 5,
      "value": "false"
    },
    {
      "filePath": "\/Users\/filipifuchter\/workspaces\/workspaceDaily\/rn-screen-share-extension\/ReactNativeDailyJSScreenShareExtension\/SocketConnection.swift",
      "kind": "StringLiteral",
      "offset": 6246,
      "length": 30,
      "value": "\"client stream open completed\""
    },
    {
      "filePath": "\/Users\/filipifuchter\/workspaces\/workspaceDaily\/rn-screen-share-extension\/ReactNativeDailyJSScreenShareExtension\/SocketConnection.swift",
      "kind": "IntegerLiteral",
      "offset": 6469,
      "length": 1,
      "value": "0"
    },
    {
      "filePath": "\/Users\/filipifuchter\/workspaces\/workspaceDaily\/rn-screen-share-extension\/ReactNativeDailyJSScreenShareExtension\/SocketConnection.swift",
      "kind": "IntegerLiteral",
      "offset": 6549,
      "length": 1,
      "value": "1"
    },
    {
      "filePath": "\/Users\/filipifuchter\/workspaces\/workspaceDaily\/rn-screen-share-extension\/ReactNativeDailyJSScreenShareExtension\/SocketConnection.swift",
      "kind": "IntegerLiteral",
      "offset": 6592,
      "length": 1,
      "value": "0"
    },
    {
      "filePath": "\/Users\/filipifuchter\/workspaces\/workspaceDaily\/rn-screen-share-extension\/ReactNativeDailyJSScreenShareExtension\/SocketConnection.swift",
      "kind": "StringLiteral",
      "offset": 6656,
      "length": 22,
      "value": "\"server socket closed\""
    },
    {
      "filePath": "\/Users\/filipifuchter\/workspaces\/workspaceDaily\/rn-screen-share-extension\/ReactNativeDailyJSScreenShareExtension\/SocketConnection.swift",
      "kind": "StringLiteral",
      "offset": 6965,
      "length": 73,
      "value": "\"client stream error occured: \""
    },
    {
      "filePath": "\/Users\/filipifuchter\/workspaces\/workspaceDaily\/rn-screen-share-extension\/ReactNativeDailyJSScreenShareExtension\/SocketConnection.swift",
      "kind": "StringLiteral",
      "offset": 7037,
      "length": 2,
      "value": "\"\""
    },
    {
      "filePath": "\/Users\/filipifuchter\/workspaces\/workspaceDaily\/rn-screen-share-extension\/ReactNativeDailyJSScreenShareExtension\/SocketConnection.swift",
      "kind": "StringLiteral",
      "offset": 1136,
      "length": 16,
      "value": "\"ReactNativeDailyJSScreenShareExtension.SocketConnection\""
    }
  ]
}